#{"t_start": 1763608715.374144, "env_id": "None"}
r,l,t
-995.9,14,0.652498
-992.3,22,0.665991
-990.3,24,0.669775
-989.4,26,0.673379
-989.5,27,0.675287
-993.9,16,0.680275
-984.8,35,0.689061
-992.2,21,0.702203
-981.3,44,0.704438
-993.1,19,0.707677
-977.7,52,0.717274
-991.4,24,0.728957
-984.0,38,0.734742
-990.2,23,0.746609
-970.10004,75,0.757
-978.6,50,0.758826
-994.4,21,0.765311
-985.9,35,0.777317
-980.4,46,0.782606
-988.7,30,0.786489
-972.5,66,0.793068
-990.6,27,0.804878
-990.5,26,0.80967
-954.7,108,0.813728
-982.1,41,0.817672
-989.4,26,0.824756
-989.1,23,0.829055
-971.2,75,0.835555
-990.2,23,0.837946
-995.0,16,0.84537
-994.9,15,0.853207
-995.9,14,0.862919
-990.2,23,0.866898
-992.3,22,0.88664
-972.60004,67,0.891772
-984.8,35,0.920319
-986.7,32,0.920475
-973.4,64,0.920505
-990.3,24,0.923347
-990.2,23,0.939996
-992.2,21,0.940063
-976.5,62,0.944623
-983.3,42,0.948555
-994.9,15,0.954575
-989.5,27,0.975032
-985.8,34,0.988311
-991.4,24,0.990219
-995.9,14,1.001233
-985.6,32,1.001295
-986.9,34,1.004999
-989.6,28,1.007014
-968.8,73,1.014256
-984.1,39,1.02178
-956.0,99,1.032401
-994.1,18,1.038282
-988.3,26,1.038333
-992.2,21,1.040299
-983.0,39,1.06059
-995.9,14,1.064214
-996.0,15,1.068046
-986.9,34,1.069919
-985.6,32,1.080625
-979.3,46,1.086001
-963.60004,87,1.086054
-987.7,31,1.089492
-995.0,16,1.096648
-990.3,24,1.104029
-983.1,40,1.111147
-990.5,26,1.111197
-992.3,22,1.125705
-985.6,32,1.127995
-992.1,20,1.133704
-994.0,17,1.135909
-986.7,32,1.139701
-986.1,37,1.154673
-966.0,78,1.158386
-986.7,32,1.171026
-991.4,24,1.173237
-980.3,45,1.173278
-990.2,23,1.182673
-988.7,30,1.189987
-983.0,39,1.208385
-991.0,20,1.210603
-989.0,33,1.216379
-991.4,24,1.216439
-992.0,19,1.218227
-973.10004,61,1.225351
-995.0,16,1.24027
-988.6,29,1.244064
-991.1,21,1.255737
-969.60004,70,1.257657
-993.0,18,1.25944
-986.1,37,1.277318
-984.6,33,1.279466
-975.4,62,1.2886
-971.9,71,1.290551
-984.6,33,1.305486
-988.3,26,1.305545
-986.5,30,1.314575
-992.1,20,1.316504
-992.0,19,1.323607
-979.2,45,1.323666
-983.4,43,1.334408
-989.4,26,1.338099
-986.8,33,1.338165
-993.9,16,1.352889
-994.1,18,1.356628
-995.9,14,1.363837
-985.8,34,1.368025
-987.6,30,1.36991
-984.1,39,1.376847
-959.7,92,1.38698
-987.8,32,1.392964
-994.1,18,1.399069
-983.9,37,1.404418
-989.4,26,1.409815
-990.5,26,1.415325
-988.1,35,1.419217
-988.6,29,1.428478
-991.3,23,1.434315
-989.5,27,1.434375
-979.10004,55,1.452316
-987.8,32,1.457741
-985.8,34,1.467245
-986.6,31,1.472662
-991.3,23,1.475954
-985.9,35,1.490992
-958.2,99,1.494279
-981.5,46,1.501289
-987.4,28,1.501334
-988.7,30,1.509126
-986.4,29,1.516164
-975.3,61,1.518452
-989.6,28,1.520401
-984.6,33,1.531281
-993.1,19,1.551227
-982.4,44,1.564097
-983.8,36,1.57731
-983.9,37,1.592105
-973.0,60,1.600746
-973.0,60,1.600796
-986.7,32,1.604132
-987.6,30,1.614094
-988.2,25,1.619274
-971.7,69,1.624296
-947.19995,121,1.63915
-964.8,88,1.640891
-991.3,23,1.642646
-969.10004,76,1.642702
-992.0,19,1.65206
-982.9,38,1.657102
-989.4,26,1.6588
-991.1,21,1.660569
-990.1,22,1.679657
-991.3,23,1.681383
-977.9,54,1.692923
-986.0,36,1.703093
-989.5,27,1.706627
-988.4,27,1.70861
-972.5,66,1.715116
-987.4,28,1.731011
-996.0,15,1.734905
-989.3,25,1.747166
-985.9,35,1.757004
-993.0,18,1.764192
-980.4,46,1.766188
-982.0,51,1.798813
-985.1,38,1.804639
-990.4,25,1.811693
-983.8,36,1.813473
-956.89996,97,1.815293
-986.7,32,1.815333
-974.10004,60,1.824797
-957.8,95,1.828284
-989.2,24,1.846661
-993.2,20,1.84672
-992.3,22,1.852171
-992.2,21,1.852223
-991.3,23,1.855933
-994.1,18,1.859365
-950.19995,118,1.863003
-993.9,16,1.891435
-990.3,24,1.894139
-991.4,24,1.894201
-990.0,21,1.898796
-986.1,37,1.92809
-990.1,22,1.936979
-989.4,26,1.945518
-976.8,54,1.957444
-978.4,48,1.957498
-963.3,84,1.957513
-990.4,25,1.970461
-994.0,17,1.974022
-980.2,44,1.979581
-949.19995,119,1.984846
-991.3,23,1.996065
-982.8,37,1.999276
-990.8,29,2.006284
-987.6,30,2.007936
-989.2,24,2.015084
-988.4,27,2.029734
-948.1,119,2.039817
-992.1,20,2.041592
-988.3,26,2.043385
-964.4,84,2.043424
-984.3,41,2.048129
-991.3,23,2.068517
-994.1,18,2.070374
-995.8,13,2.070427
-980.3,45,2.072175
-974.3,62,2.075743
-990.2,23,2.082398
-987.5,29,2.092337
-977.7,52,2.106777
-993.1,19,2.119531
-987.5,29,2.125177
-993.0,18,2.126999
-986.6,31,2.127039
-995.0,16,2.135998
-975.6,53,2.139366
-983.1,40,2.146462
-995.8,13,2.148277
-992.1,20,2.156183
-980.2,44,2.158159
-979.6,49,2.162067
-963.0,92,2.171564
-991.3,23,2.178186
-993.2,20,2.183285
-989.3,25,2.185184
-984.1,39,2.197764
-990.2,23,2.203108
-988.6,29,2.209434
-989.4,26,2.225173
-988.7,30,2.225236
-990.3,24,2.227013
-971.4,66,2.24713
-987.4,28,2.249066
-992.1,20,2.263284
-982.3,43,2.265382
-996.0,15,2.278641
-984.1,39,2.283848
-969.0,75,2.28778
-992.2,21,2.302968
-991.3,23,2.304923
-980.3,45,2.310293
-962.4,86,2.313292
-988.2,36,2.313332
-972.2,63,2.31925
-988.6,29,2.329727
-990.5,26,2.333126
-993.2,20,2.344565
-989.4,26,2.347821
-982.9,38,2.349838
-966.6,73,2.35694
-989.3,25,2.356995
-990.2,23,2.358975
-994.0,17,2.379938
-994.0,17,2.387332
-982.3,43,2.389424
-992.7,26,2.394686
-985.7,33,2.403192
-990.3,24,2.420882
-975.7,54,2.425737
-989.2,24,2.42747
-991.2,22,2.430893
-983.5,44,2.432838
-987.6,30,2.453107
-992.1,20,2.454918
-962.8,90,2.459809
-991.4,24,2.468398
-989.3,25,2.475021
-988.6,29,2.475064
-986.8,33,2.487417
-994.1,18,2.498787
-995.9,14,2.498835
-988.6,29,2.502829
-971.5,67,2.502877
-986.7,32,2.509416
-955.8,97,2.524082
-994.9,15,2.527176
-990.3,24,2.539736
-989.4,26,2.543702
-946.5,125,2.543749
-991.1,21,2.545852
-995.8,13,2.552024
-994.1,18,2.55814
-979.6,49,2.574809
-991.2,22,2.588897
-992.1,20,2.615516
-994.9,15,2.619024
-963.2,83,2.627451
-968.4,69,2.631025
-976.6,52,2.642908
-978.4,59,2.651469
-948.6,113,2.663262
-988.5,28,2.663316
-987.8,32,2.674422
-966.8,75,2.683496
-969.10004,76,2.692706
-985.0,37,2.692754
-967.8,74,2.69459
-991.4,24,2.69463
-983.0,39,2.700161
-988.0,34,2.704567
-992.4,23,2.706196
-993.0,18,2.708212
-990.3,24,2.708278
-991.2,22,2.732005
-987.6,30,2.737535
-992.1,20,2.739577
-993.1,19,2.741679
-990.5,26,2.74172
-988.5,28,2.743348
-995.1,17,2.770268
-984.9,36,2.772049
-993.2,20,2.773931
-982.7,47,2.779234
-988.3,26,2.78927
-988.6,29,2.792284
-976.7,53,2.794138
-982.0,51,2.795887
-985.6,32,2.797703
-996.0,15,2.797745
-993.9,16,2.79776
-989.5,27,2.823343
-984.6,33,2.828426
-993.1,19,2.828464
-990.1,22,2.83169
-991.3,23,2.831741
-992.2,21,2.831762
-990.5,26,2.831772
-994.9,15,2.856969
-989.5,27,2.869397
-989.6,28,2.875644
-989.4,26,2.875684
-984.6,33,2.888847
-980.10004,54,2.888908
-993.1,19,2.890848
-984.1,39,2.899815
-956.2,101,2.906787
-991.3,23,2.91021
-991.0,20,2.91187
-966.1,79,2.927538
-990.5,26,2.935176
-987.0,35,2.95165
-991.2,22,2.95172
-983.8,36,2.955494
-993.1,19,2.963481
-965.2,81,2.974504
-983.7,35,2.976912
-995.9,14,2.980718
-989.3,25,2.986024
-995.0,16,3.000101
-992.3,22,3.004585
-969.7,71,3.01514
-994.1,18,3.025757
-990.3,24,3.030122
-976.5,62,3.032448
-995.2,18,3.039614
-969.7,71,3.04424
-993.9,16,3.051032
-988.3,26,3.061213
-982.0,40,3.063252
-978.2,57,3.077011
-981.5,46,3.082582
-990.4,25,3.086909
-991.2,22,3.090822
-989.0,33,3.10057
-994.1,18,3.100632
-986.4,29,3.100649
-993.1,19,3.114196
-994.1,18,3.125606
-991.1,21,3.12739
-986.8,33,3.127432
-995.0,16,3.131234
-995.1,17,3.133256
-988.4,27,3.153415
-995.9,14,3.160939
-988.3,26,3.164276
-990.3,24,3.178169
-979.2,56,3.189729
-967.10004,78,3.201736
-987.9,44,3.20898
-957.3,101,3.223491
-988.4,27,3.225334
-993.9,16,3.237576
-978.7,51,3.245037
-980.0,53,3.255285
-993.1,19,3.257002
-985.9,35,3.263264
-968.2,78,3.266835
-991.4,24,3.266893
-974.2,61,3.271858
-977.5,50,3.276715
-960.4,88,3.285555
-986.8,33,3.293473
-984.6,33,3.310097
-985.7,44,3.318696
-992.1,20,3.31874
-982.1,41,3.324808
-983.0,39,3.328237
-978.5,49,3.35273
-994.1,18,3.357796
-987.7,31,3.361363
-978.7,51,3.361408
-977.2,58,3.363113
-986.5,30,3.374796
-967.9,75,3.391267
-977.4,49,3.399766
-994.0,17,3.40326
-990.4,25,3.403302
-984.8,35,3.418804
-972.2,63,3.422319
-982.3,43,3.424121
-992.2,21,3.425872
-982.9,38,3.42591
-965.2,81,3.427627
-994.2,19,3.433822
-988.3,26,3.444589
-989.7,29,3.446226
-978.0,55,3.447962
-992.3,22,3.454901
-989.3,25,3.462598
-990.4,25,3.466053
-988.6,29,3.474272
-987.7,31,3.475916
-988.7,30,3.497927
-985.5,31,3.497981
-991.3,23,3.504946
-992.1,20,3.509647
-979.3,46,3.521236
-995.9,14,3.521283
-993.9,16,3.524585
-986.7,32,3.527811
-978.3,47,3.533296
-975.60004,64,3.539887
-978.5,49,3.545001
-995.1,17,3.550204
-987.4,28,3.556844
-994.0,17,3.556886
-965.60004,85,3.564762
-985.7,33,3.576159
-990.3,24,3.584255
-991.3,23,3.587607
-978.7,51,3.589584
-994.9,15,3.589628
-984.6,33,3.594951
-982.4,44,3.598725
-990.5,26,3.600547
-989.6,28,3.60361
-981.8,49,3.615442
-991.1,21,3.620864
-988.5,28,3.624416
-991.3,23,3.629055
-990.3,24,3.630827
-994.0,17,3.632971
-991.1,21,3.636842
-987.5,29,3.64446
-994.7,13,3.651868
-993.2,20,3.655626
-984.1,39,3.6659
-993.9,16,3.673698
-989.2,24,3.675655
-977.6,51,3.677462
-996.0,15,3.703902
-976.6,52,3.707482
-993.1,19,3.707537
-987.6,30,3.709128
-979.3,46,3.712337
-992.3,22,3.714239
-976.8,54,3.719621
-984.2,40,3.722798
-975.8,55,3.732149
-996.1,16,3.740515
-993.2,20,3.740579
-989.3,25,3.749063
-992.1,20,3.755475
-976.0,57,3.764086
-983.0,39,3.769137
-994.1,18,3.770724
-985.7,33,3.773965
-991.2,22,3.7859
-977.4,49,3.793778
-982.9,38,3.795538
-983.9,37,3.802666
-989.4,26,3.812663
-990.5,26,3.814405
-972.7,68,3.823176
-990.3,24,3.826394
-982.2,42,3.826432
-990.3,24,3.834702
-981.3,44,3.847314
-987.6,30,3.852865
-987.3,27,3.85774
-990.4,25,3.864443
-993.0,18,3.879443
-986.7,32,3.881367
-985.1,38,3.892237
-978.5,49,3.899566
-972.10004,62,3.903527
-988.4,27,3.907415
-992.4,23,3.907459
-979.4,47,3.920192
-991.2,22,3.922262
-995.0,16,3.93368
-989.5,27,3.93574
-995.1,17,3.975513
-989.4,26,3.979871
-982.2,42,4.003806
-993.2,20,4.018887
-981.2,43,4.028074
-995.9,14,4.030282
-968.60004,71,4.045915
-993.0,18,4.065271
-992.1,20,4.067219
-954.5,106,4.069238
-928.0999,161,4.072761
-965.4,83,4.07757
-974.3,62,4.101352
-996.0,15,4.105157
-986.8,33,4.105219
-987.9,33,4.12512
-981.5,46,4.147834
-988.4,27,4.150411
-988.5,28,4.152308
-995.1,17,4.154206
-981.0,52,4.162654
-964.1,81,4.164486
-975.2,60,4.170665
-939.89996,136,4.175214
-944.1,134,4.185672
-994.3,20,4.189849
-992.0,19,4.214697
-994.0,17,4.220897
-985.8,34,4.222785
-988.8,31,4.226465
-983.2,41,4.23499
-983.8,36,4.239418
-965.0,79,4.251367
-994.9,15,4.264285
-989.4,26,4.26626
-992.2,21,4.268281
-979.0,54,4.279877
-991.3,23,4.28419
-986.9,34,4.289887
-991.2,22,4.294695
-966.7,74,4.297179
-991.4,24,4.318249
-987.5,29,4.325103
-987.5,29,4.327148
-994.0,17,4.333333
-968.7,72,4.337281
-973.9,58,4.339211
-981.3,44,11.553769
-983.10004,51,11.557064
-987.6,30,11.559117
-977.8,53,11.564448
-986.7,32,11.617059
-971.5,67,11.625578
-969.60004,70,11.634521
-959.0,96,11.644183
-977.9,54,11.647238
-977.0,56,11.652259
-992.3,22,11.653966
-966.3,92,11.659805
-990.5,26,11.676301
-957.39996,102,11.687364
-961.3,86,11.695196
-985.9,35,11.700246
-946.1,121,11.702152
-982.4,44,11.724382
-974.8,67,11.734534
-986.6,31,11.750909
-973.5,65,11.752913
-979.4,58,11.754856
-983.2,41,11.770982
-964.5,85,11.79469
-983.0,39,11.823002
-963.1,93,11.837176
-972.2,63,11.848036
-993.9,16,11.851721
-954.69995,108,11.885162
-973.10004,72,11.902012
-985.4,41,11.925903
-945.99994,131,11.990886
-980.10004,54,11.998053
-928.49994,165,12.01911
-990.3,24,12.033704
-951.69995,111,12.035617
-989.5,27,12.045416
-994.1,18,12.063703
-995.1,17,12.073458
-930.19995,160,12.078113
-964.1,92,12.084605
-950.0,116,12.088463
-980.3,45,12.109128
-989.6,28,12.11874
-898.59985,251,12.123656
-905.4999,221,12.140412
-993.2,20,12.152276
-977.6,51,12.172202
-959.5,90,12.211464
-904.7999,214,12.215276
-969.4,68,12.222245
-965.5,84,12.224069
-982.0,51,12.225961
-939.39996,142,12.256199
-992.1,20,12.257955
-986.5,30,12.272664
-982.8,37,12.274636
-959.89996,94,12.281697
-971.9,71,12.291412
-982.1,41,12.2951
-988.4,27,12.32724
-976.8,54,12.347527
-983.0,39,12.358202
-950.6,122,12.358261
-978.6,50,12.360176
-975.2,60,12.360222
-924.19995,177,12.374963
-991.1,21,12.383012
-983.2,41,12.396563
-992.6,25,12.402211
-989.4,26,12.403926
-981.1,42,12.445338
-988.4,27,12.447176
-964.1,92,12.450855
-971.60004,68,12.471681
-980.3,45,12.471728
-996.0,15,12.471744
-970.5,68,12.471754
-983.6,45,12.478648
-989.4,26,12.489099
-974.8,67,12.495876
-941.1,137,12.504202
-993.2,20,12.50617
-993.2,20,12.506209
-985.7,33,12.506223
-990.3,24,12.542996
-991.4,24,12.544737
-916.5999,200,12.552544
-981.4,45,12.581361
-976.7,53,12.585259
-990.4,25,12.595212
-968.5,70,12.59698
-972.8,69,12.605382
-991.4,24,12.62151
-997.3,6,12.631064
-976.1,58,12.641597
-989.6,28,12.643384
-955.89996,109,12.654984
-982.9,49,12.667341
-991.2,22,12.679317
-974.3,62,12.71
-986.5,30,12.718017
-984.0,38,12.719753
-964.2,82,12.732371
-974.5,64,12.738943
-991.0,20,12.743039
-975.2,60,12.744652
-923.49994,181,12.776693
-968.5,70,12.796299
-933.99994,154,12.805256
-983.0,39,12.808661
-972.3,64,12.825861
-995.0,16,12.832503
-983.7,35,12.836217
-983.9,37,12.859734
-989.4,26,12.870633
-964.2,82,12.879755
-902.1999,221,12.879835
-967.4,81,12.883261
-959.2,98,12.911587
-988.3,26,12.931041
-988.2,25,12.941448
-985.0,37,12.944562
-991.5,25,12.967708
-993.3,21,12.977747
-981.5,46,12.986167
-979.10004,55,13.007204
-934.7999,151,13.007268
-963.5,86,13.013567
-992.3,22,13.018982
-994.9,15,13.039869
-975.2,60,13.054542
-947.19995,132,13.064342
-981.4,56,13.068883
-973.8,68,13.070702
-942.39996,128,13.082625
-981.5,46,13.086066
-992.1,20,13.103921
-961.6,89,13.147287
-977.10004,57,13.161803
-977.0,56,13.176344
-978.6,50,13.202105
-985.6,32,13.224959
-984.2,40,13.22698
-967.8,74,13.227043
-955.2,102,13.233513
-982.9,38,13.251621
-949.89996,126,13.255728
-984.7,34,13.269443
-992.3,22,13.275226
-995.0,16,13.287045
-989.7,29,13.307524
-925.8999,172,13.329198
-941.19995,138,13.329259
-977.2,58,13.336623
-988.0,34,13.338392
-992.1,20,13.343696
-984.6,33,13.346993
-975.60004,64,13.347032
-972.60004,67,13.350549
-939.49994,143,13.359363
-978.8,52,13.364267
-985.3,40,13.3999
-989.0,33,13.401735
-985.7,33,13.405373
-983.8,36,13.410231
-981.8,49,13.423817
-988.6,40,13.429036
-980.10004,54,13.430857
-992.1,20,13.463183
-967.2,79,13.466887
-984.2,40,13.473842
-977.5,50,13.48815
-965.1,80,13.489949
-980.9,51,13.511736
-973.60004,66,13.523844
-966.7,74,13.527398
-974.60004,65,13.543978
-980.3,45,13.545559
-980.2,44,13.550773
-992.9,17,13.554382
-953.0,113,13.561133
-980.2,44,13.564419
-991.4,24,13.57022
-992.3,22,13.582261
-995.0,16,13.589611
-968.9,74,13.592985
-974.2,61,13.596445
-975.8,55,13.609195
-991.9,29,13.616199
-994.9,15,13.636117
-985.7,33,13.6417
-990.2,23,13.657761
-974.8,56,13.670016
-981.8,49,13.680544
-961.8,91,13.71239
-992.3,22,13.719388
-977.7,52,13.728235
-980.6,48,13.742303
-951.0,115,13.749247
-972.0,61,13.7493
-964.1,92,13.759434
-981.3,44,13.795893
-990.1,22,13.797668
-953.6,119,13.799583
-985.9,35,13.809697
-982.4,44,13.817858
-986.7,43,13.822964
-927.99994,171,13.853337
-986.8,33,13.853394
-965.5,84,13.856569
-989.4,26,13.861539
-985.2,39,13.874764
-952.6,120,13.876652
-990.3,24,13.901304
-978.6,50,13.906438
-982.9,38,13.916205
-971.10004,74,13.920193
-994.2,19,13.935192
-974.10004,60,13.98009
-980.3,45,13.995744
-932.49994,161,14.005124
-958.1,98,14.023982
-970.4,67,14.025851
-992.3,22,14.036561
-985.6,32,14.038924
-939.49994,143,14.04712
-967.0,77,14.057913
-992.3,22,14.075199
-946.19995,122,14.089854
-963.7,88,14.091516
-983.7,35,14.100246
-937.19995,142,14.105425
-979.3,57,14.107179
-985.7,33,14.115705
-983.1,40,14.159467
-965.9,77,14.159526
-977.0,56,14.184736
-966.9,76,14.205123
-975.2,60,14.206895
-974.5,64,14.214639
-959.2,109,14.23395
-994.1,18,14.245859
-995.0,16,14.262827
-977.8,64,14.270571
-969.7,71,14.283042
-976.7,53,14.298138
-987.5,29,14.298195
-968.9,74,14.313954
-946.6,126,14.317928
-988.4,27,14.317977
-990.4,25,14.326628
-990.6,27,14.345574
-987.7,31,14.352293
-961.3,86,14.357572
-984.4,42,14.385083
-911.9999,209,14.385135
-993.0,18,14.386872
-983.5,44,14.399062
-979.8,51,14.402747
-918.99994,191,14.438537
-954.8,109,14.44506
-964.8,88,14.4617
-981.9,39,14.46549
-977.0,56,14.476799
-987.7,31,14.496575
-992.2,21,14.500123
-956.89996,97,14.503642
-987.7,31,14.513762
-981.5,46,14.51548
-988.5,28,14.524731
-992.1,20,14.531108
-952.69995,110,14.53294
-964.4,84,14.53797
-990.4,25,14.546421
-993.1,19,14.548319
-980.6,48,14.598346
-988.6,29,14.600554
-974.2,61,14.607549
-974.60004,65,14.644701
-974.3,62,14.656352
-930.39996,162,14.659739
-968.60004,71,14.663502
-965.1,80,14.665339
-926.69995,169,14.672199
-981.4,45,14.677368
-977.5,50,14.688409
-990.3,24,14.702109
-991.2,22,14.716148
-983.7,35,14.718243
-985.8,34,14.723275
-987.6,30,14.725187
-966.8,75,14.739152
-949.69995,124,14.75153
-990.2,23,14.764382
-989.5,27,14.764425
-981.7,48,14.783822
-973.0,60,14.790344
-978.10004,56,14.815914
-991.2,22,14.819731
-978.6,50,14.821459
-980.2,44,14.837402
-955.3,114,14.840999
-965.9,77,14.845936
-973.4,64,14.856979
-993.2,20,14.870387
-985.5,31,14.873784
-991.3,23,14.884046
-969.3,78,14.894736
-981.8,49,14.900517
-939.39996,142,14.907524
-984.2,40,14.909315
-993.0,18,14.917178
-992.3,22,14.938934
-978.4,48,14.954067
-987.7,31,14.968548
-982.10004,52,14.983788
-981.10004,53,14.998551
-988.3,26,15.012425
-997.5,8,15.012486
-952.1,115,15.016469
-982.7,47,15.018575
-970.3,66,15.020695
-993.0,18,15.048348
-996.0,15,15.051285
-992.2,21,15.055473
-993.1,19,15.085928
-949.1,129,15.087907
-982.0,40,15.094375
-946.39996,124,15.096145
-990.4,25,15.101941
-981.4,45,15.106012
-987.6,30,15.107788
-969.3,78,21.993934
-991.1,21,22.007314
-983.1,40,22.040825
-982.10004,52,22.050456
-971.4,66,22.065474
-975.3,61,22.070915
-973.2,73,22.076513
-891.79987,249,22.089952
-991.3,23,22.090008
-977.9,54,22.130938
-920.7999,187,22.148155
-960.7,91,22.148216
-993.0,18,22.181521
-972.8,69,22.216917
-951.5,109,22.285919
-978.6,50,22.293373
-951.39996,119,22.298859
-981.1,42,22.310191
-933.99994,165,22.31934
-945.69995,128,22.340459
-958.9,95,22.342152
-933.89996,153,22.369823
-946.69995,127,22.381395
-994.2,19,22.401715
-944.8,130,22.52156
-943.69995,130,22.531123
-960.4,88,22.550321
-944.39996,137,22.574605
-991.3,23,22.578825
-958.8,94,22.585338
-932.2999,159,22.595773
-986.2,38,22.59983
-986.5,30,22.608008
-931.7999,165,22.62053
-992.4,23,22.624874
-858.3999,355,22.627806
-928.69995,167,22.658452
-918.0999,193,22.703672
-983.2,41,22.726701
-988.4,27,22.748937
-958.8,105,22.782884
-987.5,29,22.797442
-944.39996,126,22.80822
-946.0,131,22.830053
-949.19995,119,22.830108
-941.39996,140,22.861023
-965.5,84,22.867915
-994.0,17,22.889089
-923.8999,185,22.925276
-990.5,26,22.931857
-961.0,94,22.95299
-970.4,78,22.958086
-986.0,36,22.985777
-946.39996,124,22.989166
-992.2,21,22.994364
-954.5,106,23.006735
-944.5,127,23.084338
-875.59985,296,23.088268
-958.39996,101,23.108057
-954.8,109,23.146857
-869.6998,314,23.174204
-913.1999,221,23.199955
-945.89996,130,23.236509
-983.5,44,23.240653
-940.19995,139,23.275003
-963.3,84,23.279528
-975.2,60,23.321181
-987.4,28,23.330599
-945.49994,126,23.336657
-919.49994,185,23.352559
-918.7999,200,23.371605
-973.9,69,23.37391
-977.10004,68,23.375927
-988.7,30,23.380236
-950.0,116,23.40668
-924.0999,176,23.434369
-971.4,66,23.454826
-971.5,67,23.494222
-965.4,83,23.502775
-969.10004,76,23.514466
-973.60004,66,23.521808
-980.8,61,23.540689
-985.6,32,23.569329
-975.2,60,23.605698
-931.99994,167,23.63258
-979.10004,55,23.634887
-947.8,127,23.673291
-960.0,95,23.68638
-949.6,112,23.6883
-966.4,82,23.746227
-953.6,108,23.755478
-875.29987,282,23.779301
-903.8999,238,23.784223
-962.3,96,23.795892
-966.7,74,23.797649
-981.2,43,23.852555
-961.6,100,23.856369
-944.49994,138,23.869712
-871.59985,300,23.893009
-975.60004,64,23.893065
-962.5,87,23.902271
-974.5,64,23.905489
-988.6,29,23.90553
-987.8,32,23.949209
-962.8,90,23.953157
-978.8,52,23.983797
-981.6,47,23.987499
-990.2,23,23.992825
-920.7999,198,24.025329
-967.3,80,24.045362
-988.7,30,24.076147
-980.10004,54,24.077933
-950.89996,114,24.099822
-993.0,18,24.107794
-979.3,46,24.122103
-965.0,79,24.127316
-886.29987,260,24.192103
-945.6,127,24.205439
-915.3999,199,24.211844
-977.60004,62,24.213899
-930.99994,168,24.238494
-995.9,14,24.238544
-978.3,58,24.290442
-978.8,52,24.293874
-946.0,120,24.304513
-971.9,71,24.33246
-971.0,73,24.361295
-942.7999,143,24.366592
-982.5,45,24.366658
-984.0,49,24.387087
-863.4999,329,24.416732
-912.9999,208,24.430659
-974.3,62,24.440239
-923.7999,184,24.443831
-960.5,89,24.447539
-986.7,32,24.501484
-964.7,87,24.519798
-980.10004,54,24.526871
-929.2999,173,24.536939
-971.7,69,24.538822
-952.1,115,24.562255
-993.3,21,24.56231
-969.9,73,24.574741
-953.89996,111,24.581605
-987.4,28,24.585595
-963.7,88,24.593998
-981.5,57,24.599268
-984.0,38,24.605179
-985.7,33,24.620003
-991.3,23,24.621765
-992.2,21,24.636526
-988.4,27,24.670178
-977.7,52,24.686336
-985.0,37,24.701283
-970.8,71,24.709439
-956.1,111,24.712774
-964.6,86,24.724346
-971.60004,68,24.737439
-908.3999,217,24.744531
-993.0,18,24.776036
-928.69995,167,24.849728
-950.6,111,24.859432
-937.2999,154,24.870766
-966.4,93,24.885174
-955.8,108,24.887207
-969.7,71,24.90011
-989.5,27,24.910262
-982.9,38,24.921189
-945.8,129,24.938268
-944.8,130,24.964041
-973.9,58,24.987987
-978.5,60,25.01277
-967.8,74,25.016335
-977.3,59,25.03913
-908.0999,214,25.056598
-966.3,81,25.060069
-957.0,109,25.061766
-985.6,43,25.085738
-989.4,26,25.133447
-974.5,64,25.151093
-949.19995,119,25.172583
-976.0,68,25.176084
-982.1,41,25.205606
-882.29987,286,25.207553
-956.3,113,25.214383
-987.7,31,25.225906
-937.2999,143,25.235945
-952.89996,112,25.254813
-979.6,49,25.289458
-973.0,60,25.310986
-940.6,143,25.311054
-963.9,90,25.399267
-878.7998,295,25.421403
-958.3,100,25.436771
-943.99994,133,25.452106
-969.8,83,25.461802
-983.0,39,25.466603
-986.6,31,25.473954
-960.0,106,25.480866
-957.0,98,25.488457
-908.8999,222,25.540205
-965.7,86,25.579611
-982.0,40,32.359962
-951.69995,111,32.406824
-944.19995,135,32.457106
-866.1999,323,32.490525
-933.7999,163,32.492347
-928.39996,164,32.513382
-866.2999,324,32.543444
-916.9999,204,32.554129
-962.4,86,32.606181
-942.39996,128,32.629634
-938.69995,157,32.63312
-993.0,18,32.636824
-968.5,81,32.652296
-949.99994,127,32.709601
-951.39996,119,32.755461
-924.69995,171,32.782325
-881.4998,289,32.831037
-850.2001,361,32.858103
-929.5999,165,32.916252
-907.9999,213,33.00382
-908.1999,215,33.025048
-935.19995,155,33.054952
-989.7,29,33.075414
-856.3,345,33.137269
-980.2,55,33.147268
-944.6,139,33.156559
-974.3,62,33.259384
-867.4999,314,33.296214
-852.4,350,33.311811
-920.7999,187,33.32219
-985.2,39,33.387653
-966.7,85,33.444819
-925.3999,178,33.455179
-796.40045,494,33.485253
-852.30005,360,33.485319
-993.1,19,33.525774
-982.7,47,33.579784
-817.20026,427,33.587548
-934.39996,158,33.606071
-865.3999,337,33.676749
-944.69995,129,33.699664
-988.4,27,33.723309
-938.89996,148,33.793861
-973.8,68,33.844326
-858.39996,333,33.863447
-825.00024,417,33.882198
-939.19995,140,33.944704
-863.2999,338,34.002749
-981.7,48,34.087793
-864.49994,317,34.137236
-931.69995,164,34.169258
-919.49994,185,34.194255
-913.2999,200,34.202199
-975.7,65,34.210399
-851.10004,359,34.229817
-983.7,46,34.277615
-975.60004,64,34.29089
-873.39984,307,34.338944
-958.6,103,34.38072
-948.19995,120,34.492064
-915.5999,212,34.509719
-994.9,15,34.536615
-921.0999,190,34.553225
-771.1007,549,34.571285
-946.19995,122,34.588362
-973.4,75,34.620871
-976.10004,58,34.66743
-706.2012,703,34.691212
-956.8,96,34.69823
-825.6002,434,34.70065
-872.89984,302,34.722933
-895.1999,239,34.741282
-970.3,77,34.749846
-978.8,52,34.778848
-981.6,47,34.802024
-863.99994,323,34.822458
-976.2,59,34.84881
-958.1,109,34.85104
-955.6,106,34.878177
-953.3,116,34.936093
-965.5,84,34.991576
-948.99994,128,35.067437
-952.89996,112,35.069523
-893.59985,245,35.113477
-928.89996,158,35.208945
-902.8999,228,35.212512
-975.8,66,35.228434
-832.70013,406,35.243527
-828.7002,421,35.305153
-972.9,70,35.331265
-924.19995,177,35.374043
-861.0999,349,35.37764
-901.79987,228,35.388411
-855.5,359,35.418778
-983.8,36,35.435663
-974.9,57,35.482965
-953.5,107,35.486594
-984.2,40,35.502466
-978.2,57,35.513993
-925.19995,176,35.529581
-948.0,118,35.531294
-885.09985,270,35.53311
-920.8999,188,35.535298
-986.4,29,35.564294
-977.6,51,35.571208
-988.5,28,35.581108
-976.4,61,35.592813
-972.60004,67,35.65095
-973.4,64,35.694581
-949.8,114,35.701123
-953.1,114,35.72728
-958.39996,112,35.728962
-989.7,29,35.774543
-889.59985,249,35.800569
-960.4,99,35.85718
-926.7999,170,35.859049
-895.6999,244,42.705486
-945.39996,136,42.72976
-866.49994,315,42.87609
-915.0999,196,42.88632
-956.9,108,42.909625
-977.8,53,42.973875
-866.5999,316,43.002887
-849.00006,360,43.162251
-912.4999,203,43.214563
-668.20135,785,43.264906
-754.9008,596,43.423446
-869.9999,306,43.515279
-676.6013,759,43.540472
-859.69995,346,43.558827
-990.5,26,43.564916
-874.2998,294,43.675658
-970.2,76,43.707297
-941.99994,135,43.78807
-848.30005,375,43.871234
-646.80164,868,43.879489
-934.7999,162,43.956006
-741.6008,628,43.992377
-865.0999,323,43.997665
-923.6999,194,44.20082
-643.2018,876,44.202749
-931.7999,176,44.293233
-853.9,354,44.390813
-817.0003,425,44.430733
-704.40106,707,44.483742
-911.6999,228,44.583468
-839.5001,375,44.586452
-954.69995,119,44.589818
-740.1008,613,44.613526
-869.79987,304,44.709977
-944.99994,132,44.80779
-757.1007,585,44.865084
-904.0999,218,44.951147
-947.1,131,45.084958
-949.89996,137,45.18064
-834.2001,410,45.281253
-975.3,61,45.286338
-831.4002,404,45.295415
-848.9,359,45.320093
-675.7014,794,45.332008
-857.49994,346,45.397865
-958.89996,117,45.53172
-884.9998,280,45.567027
-904.1999,230,45.730548
-882.1998,274,45.776903
-634.0017,883,45.809956
-862.69995,332,45.889383
-855.8,351,45.910842
-634.00165,872,45.942079
-976.9,55,46.048063
-928.7999,168,46.08917
-837.4001,398,46.192952
-566.50226,1055,53.384411
-850.1001,349,53.780451
-973.10004,72,53.906022
-884.79987,278,54.369912
-624.5017,898,54.421907
-653.40155,835,54.435598
-625.80176,878,54.570717
-571.40216,1038,54.623693
-523.6027,1154,54.629888
-495.40292,1235,54.732055
-596.00195,976,54.758048
-559.0024,1079,54.798561
-619.90173,896,54.899127
-856.2,333,54.930528
-963.7,88,54.949119
-837.70013,379,55.411439
-592.5021,985,56.098
-548.80237,1076,56.243867
-591.502,964,56.265974
-568.0022,1026,56.312338
-650.10156,813,56.32871
-628.5017,861,56.361102
-563.9022,1040,56.389434
-580.6021,1009,56.446032
-597.502,958,56.554444
-819.30023,415,63.756641
-735.0009,617,64.12766
-511.70288,1200,64.189671
-665.0014,786,64.348439
-850.7,355,64.366441
-674.9013,775,64.427215
-589.90204,981,64.658022
-522.3026,1152,64.801023
-841.20013,381,64.828039
-561.1023,1045,64.901906
-575.1022,1009,65.007563
-547.30237,1083,65.02312
-936.69995,170,65.114335
-861.49994,342,65.229712
-851.9,345,65.380223
-862.6,320,65.756975
-616.50183,906,65.933421
-563.4024,1090,65.945446
-730.601,639,65.965748
-566.5022,1033,66.069333
-499.1029,1228,66.413277
-568.7022,1022,66.711025
-569.6024,1064,66.794364
-564.70215,1026,66.819028
-564.2024,1076,73.799598
-535.9026,1123,74.276852
-575.2021,1010,74.298486
-542.70233,1081,74.385831
-540.2023,1089,74.411972
-567.00226,1027,74.433821
-553.9022,1039,74.799424
-566.70215,1024,75.067928
-576.4021,1000,75.112343
-562.30225,1035,75.195801
-493.8028,1197,75.810566
-568.20215,1017,75.980873
-529.7026,1127,76.188677
-544.1024,1095,76.224141
-539.6023,1083,76.229926
-518.1027,1165,76.396314
-564.5022,1024,76.522226
-865.0999,312,76.933439
-507.50272,1169,83.723141
-480.90274,1244,83.804191
-858.9,327,84.105107
-389.9999,1446,84.283492
-573.4021,1003,84.527399
-517.00256,1132,84.537725
-522.60254,1144,84.80271
-399.00015,1426,84.868221
-507.7029,1204,84.896655
-452.10184,1297,85.351203
-558.0022,1025,85.832918
-488.3029,1219,85.857029
-444.40155,1297,85.90597
-553.60236,1058,86.293747
-489.7029,1233,86.34066
-547.1024,1081,86.342445
-482.20264,1224,86.954383
-463.70206,1259,86.984143
-445.4016,1307,86.998848
-483.20255,1212,94.575943
-335.5984,1540,94.614859
-330.29837,1564,95.130316
-332.59842,1576,95.22845
-928.3999,164,95.409521
-331.99817,1548,95.572623
-349.9987,1530,95.59074
-332.898,1557,95.632268
-482.60242,1206,95.676045
-332.19836,1550,96.213839
-341.7985,1558,96.272371
-498.40265,1177,96.525506
-334.09827,1591,103.950048
-339.49857,1535,104.490538
-397.00015,1373,104.567252
-302.59744,1595,104.772077
-304.89758,1585,104.935269
-325.59805,1561,104.982895
-315.49783,1592,104.991726
-319.49805,1566,105.547784
-321.99802,1569,105.609197
-337.29843,1546,105.82729
-461.10196,1244,106.593126
-320.49805,1565,106.605001
-305.59763,1570,107.227516
-301.69742,1608,114.298447
-321.59802,1554,114.424215
-302.0974,1590,114.438212
-318.59793,1557,114.438273
-321.79816,1567,115.027419
-302.19736,1613,115.166633
-308.19766,1596,115.358019
-334.19846,1537,116.020109
-320.99792,1548,116.026707
-296.99722,1616,116.756515
-325.39822,1548,116.90625
-311.49774,1585,117.093271
-304.8977,1596,117.124614
-301.19727,1603,117.136491
-307.79776,1581,124.258122
-320.1979,1562,124.364925
-326.19815,1545,124.52531
-299.99747,1591,125.272287
-307.39777,1588,125.274172
-289.69705,1620,126.056999
-298.49744,1598,126.173766
-340.7986,1515,126.252334
-300.3976,1617,126.394669
-292.99734,1609,126.425171
-301.19754,1592,126.914551
-302.8975,1598,127.029629
-323.29807,1560,127.127414
-321.698,1566,134.434991
-282.8971,1629,134.541608
-286.29712,1619,135.322258
-289.0972,1614,135.433282
-297.49747,1610,135.505633
-310.79776,1578,135.623716
-283.697,1626,135.674591
-308.0977,1573,136.103592
-326.9982,1531,136.150775
-330.29822,1520,136.229512
-321.3981,1541,137.044674
-289.19714,1615,137.27993
-299.29736,1595,144.864874
-330.9983,1527,144.940915
-304.59756,1593,144.985462
-328.79825,1538,145.142997
-292.59732,1616,145.221807
-436.00134,1301,145.307459
-305.39774,1590,145.662507
-299.99747,1613,145.748906
-320.39798,1564,146.527104
-321.29816,1551,146.738902
-287.59717,1610,147.570001
-299.8975,1590,147.604573
-301.69754,1586,147.636781
-333.89844,1512,147.739145
-296.09738,1596,147.798421
-301.99756,1589,154.642339
-291.1972,1613,155.064306
-311.59766,1575,155.089023
-292.29733,1613,155.939297
-300.79752,1599,156.123735
-302.19757,1580,157.033677
-292.79727,1618,157.067821
-305.7975,1583,157.078027
-304.19757,1578,157.189628
-300.6975,1587,157.278477
-301.49747,1584,157.437296
-293.39722,1602,157.8602
-293.99728,1608,157.893669
-295.5974,1602,165.353841
-312.4977,1573,165.492388
-297.89746,1614,166.38976
-294.49725,1602,166.397878
-288.1971,1627,166.449596
-294.09732,1598,166.495492
-298.69748,1600,166.575364
-278.7969,1632,166.779868
-303.09753,1578,167.166356
-294.79736,1605,167.179264
-887.1998,258,167.630596
-302.69763,1585,168.093307
-320.99808,1570,168.212417
-296.19742,1608,175.936998
-294.1974,1621,175.972596
-291.99722,1621,176.029787
-296.39746,1632,176.098205
-297.6975,1612,176.14782
-291.6972,1596,176.32759
-296.4973,1611,176.740758
-297.69745,1601,177.142609
-257.5961,1695,177.741461
-280.7969,1630,177.744992
-328.79822,1538,185.428907
-278.4968,1651,185.568785
-251.89603,1704,185.579192
-252.29593,1708,185.620656
-286.19702,1618,185.631773
-273.79678,1648,185.861305
-283.09705,1642,186.255323
-433.90112,1291,186.642705
-274.79675,1658,186.680804
-296.2974,1598,187.150084
-310.09775,1571,188.074591
-306.89758,1572,188.217576
-293.39737,1613,188.323583
-279.79688,1642,188.326833
-278.89688,1633,188.364766
-311.69766,1565,188.478417
-295.39737,1611,195.601569
-294.49722,1613,196.053305
-261.99646,1695,196.15114
-293.9973,1597,196.498577
-299.29736,1595,197.419708
-296.89737,1615,197.588904
-300.69742,1587,197.699275
-291.4971,1616,197.710859
-287.4972,1620,197.714673
-292.0972,1611,197.860222
-296.29733,1609,198.330912
-287.49713,1642,205.443611
-241.2958,1719,205.666961
-294.29715,1611,205.851688
-298.09753,1605,206.750165
-294.79733,1616,206.935002
-304.29758,1590,207.000039
-294.09732,1609,207.022388
-286.79703,1646,207.097636
-294.4973,1602,207.165808
-284.9971,1639,207.693538
-315.39798,1569,208.067319
-294.5974,1614,208.369872
-318.0979,1552,208.437587
-295.09732,1608,216.044171
-295.89737,1616,216.238102
-285.1971,1630,216.326884
-295.89737,1594,216.363937
-283.19705,1643,216.370589
-296.2974,1598,216.437395
-292.29727,1613,216.994725
-326.09802,1533,217.229719
-305.29752,1578,217.60724
-285.4972,1633,217.761591
-310.19775,1561,218.629336
-278.69693,1642,225.600985
-282.69696,1627,225.7119
-269.0966,1667,225.735562
-299.19742,1605,225.742581
-252.59607,1700,225.825286
-286.19702,1629,226.349999
-272.99673,1640,226.603183
-254.7963,1689,227.06411
-174.29398,1874,227.546216
-284.8971,1616,227.999564
-294.79724,1594,228.303031
-305.7976,1583,228.399692
-291.09717,1623,228.49537
-275.49673,1643,228.522845
-259.39618,1702,228.718712
-248.99597,1697,235.901031
-254.99612,1680,236.126338
-244.79599,1721,236.659814
-246.69592,1718,237.125845
-251.29599,1687,237.511168
-277.69687,1632,237.716647
-229.5954,1745,237.99084
-300.7974,1588,238.043392
-237.09561,1721,238.048478
-245.8959,1710,238.056959
-296.49738,1589,238.545864
-249.996,1696,238.946737
-259.69632,1683,245.98623
-250.09598,1697,246.480636
-288.19717,1605,246.922287
-225.59537,1760,246.972886
-298.5974,1599,247.243239
-255.29617,1694,247.357207
-232.79556,1733,247.487252
-171.19391,1876,247.723165
-236.69571,1728,247.97335
-124.4927,2003,248.852063
-236.49573,1737,248.912746
-246.29593,1714,256.457169
-236.29562,1735,256.549815
-279.39688,1627,256.638778
-279.2969,1626,256.74408
-243.79587,1711,257.010062
101053.914,2376,257.113984
-286.59714,1622,257.343562
-86.49164,2063,257.833174
-278.5968,1641,258.315147
-258.39615,1681,258.320242
-246.79596,1708,266.02218
-241.29565,1719,266.509852
-165.69379,1898,266.539479
-247.89603,1708,266.609348
-34.790184,2173,266.906808
101050.11,2370,267.061143
-90.99164,2053,267.423911
-86.591576,2064,267.930246
-145.49316,1938,268.194152
-47.990562,2162,268.570276
-296.99747,1594,268.71135
-298.3975,1586,275.895362
-243.3959,1718,276.419824
-113.69226,1994,276.500279
52.91221,2374,277.186933
-255.0961,1692,277.685303
101051.414,2368,277.690747
49.712036,2373,278.058035
-219.19534,1784,278.366769
101053.414,2370,278.563266
-103.792015,2016,278.615112
-285.99698,1616,278.647046
-298.39743,1586,279.185761
-150.79321,1914,286.254385
-192.69449,1827,286.872266
-242.49585,1709,287.173225
-177.19409,1859,287.421048
-261.29642,1699,287.523542
-297.89737,1581,287.907349
-184.09427,1862,288.100271
-216.6951,1770,288.194155
-287.89716,1613,288.998189
-149.19327,1920,289.045677
100050.21,2380,289.197852
-282.797,1606,296.314577
-197.29462,1818,296.984351
-195.79446,1814,297.225349
-301.2975,1582,297.515996
-206.3948,1788,297.671759
3.5109253,2263,298.085062
-98.79193,2032,298.366651
-252.89615,1692,298.576927
-228.79547,1737,298.84809
-87.79159,2054,299.235099
-134.29288,1958,306.84692
101053.414,2370,306.882503
-297.59738,1589,306.918035
-175.99405,1869,306.943021
-225.89542,1752,307.644717
-204.3948,1801,308.014563
101053.016,2374,308.134544
-260.89627,1673,308.28996
-151.09329,1917,308.43562
-252.29602,1708,316.424154
47.31199,2364,316.486721
-210.09494,1781,316.581484
-90.79165,2051,317.06977
-239.99573,1717,317.215673
-299.89746,1579,317.620525
-233.69559,1742,317.633278
45.011963,2354,317.633338
-302.5975,1584,317.774999
101049.516,2365,318.807489
-178.49402,1861,319.617923
-113.99231,1997,326.623843
-90.89172,2052,326.809717
-235.59561,1728,326.87777
-151.09338,1917,327.070975
-196.39453,1809,327.445733
-89.391685,2048,327.84165
-288.19705,1605,328.26684
48.21216,2355,328.366267
101052.81,2365,328.523427
-202.2948,1802,329.389265
-210.49503,1785,336.512398
-89.591736,2050,336.703223
-93.0918,2041,336.87317
-224.49536,1749,336.996967
48.312134,2354,337.686292
-223.49536,1750,337.84586
-239.59586,1724,337.902932
-75.59131,2075,337.965869
-247.8959,1697,338.017569
-295.69742,1592,338.699674
-247.89597,1708,339.400079
-963.0,92,339.551888
-291.99725,1599,339.701076
-195.59454,1812,339.769637
-160.89368,1894,346.719114
-300.09753,1581,347.250878
-197.59464,1810,347.591516
-0.68933105,2250,348.129058
27.011475,2314,348.391752
-483.50247,1182,348.423678
46.01194,2355,348.630548
-260.2964,1678,349.054804
101047.016,2357,349.341312
-66.89105,2098,349.930369
-167.89383,1876,349.932446
-840.4001,362,349.963126
-481.40237,1183,356.736587
-166.39383,1883,357.06533
-113.69228,1994,357.581046
-299.8975,1579,357.679083
-310.09778,1560,357.90042
-301.29752,1582,358.351516
-106.99215,2015,358.456363
-440.60132,1270,359.228341
-245.29593,1704,359.416904
-250.5961,1702,359.44568
-184.19427,1841,359.647832
-824.1002,397,359.90279
-288.79715,1600,366.80083
-291.0973,1601,366.896646
101047.81,2360,367.250802
-233.9956,1734,367.331519
-301.89758,1577,367.515015
-250.19604,1698,367.831634
-304.09763,1577,368.616083
-122.89258,1976,369.250434
-300.2975,1583,369.565948
-301.59753,1574,369.985024
46.11194,2354,370.121698
101048.61,2363,377.040986
-301.4975,1573,377.134136
-194.79459,1815,377.234638
100047.11,2356,377.429647
101049.914,2361,377.879452
40.211792,2336,379.20035
-206.69485,1791,379.681547
100051.31,2358,379.906011
-302.79755,1575,380.125751
101049.31,2356,380.244107
101048.016,2358,387.511781
101049.516,2365,387.78988
46.81199,2347,387.849917
46.61194,2360,387.971517
101049.31,2356,388.616677
-299.59744,1576,389.596158
101048.914,2360,389.926525
39.91172,2350,390.36944
101049.81,2362,397.191745
101048.414,2365,397.406954
39.811768,2329,398.015069
101048.516,2364,398.369503
40.711792,2353,398.409462
35.411743,2329,398.489136
101049.914,2361,399.17066
-72.391136,2098,399.71989
-144.09317,1924,400.19685
-180.29419,1846,400.307534
101048.914,2360,407.127681
-178.8942,1854,407.168871
-233.89566,1733,407.569591
34.211647,2330,408.988773
101051.016,2361,408.999393
-161.99365,1905,409.05007
36.41172,2341,409.089417
-213.99506,1776,409.386975
-199.39456,1806,410.044223
-286.59708,1611,410.347962
41.311867,2347,417.423106
-29.3901,2185,417.442354
101046.914,2358,417.772839
-302.19754,1580,418.348172
-308.09772,1562,419.27169
4.9108644,2260,419.415887
101045.016,2366,419.604732
101048.11,2357,419.640193
-438.4012,1270,419.932039
101048.914,2360,419.981218
-309.79773,1557,420.069801
101049.11,2358,427.490687
101049.31,2356,428.003748
-438.10123,1278,428.156343
-80.69147,2071,428.458312
-303.49756,1571,428.900607
-206.19485,1797,428.91339
101047.11,2356,430.196912
101046.21,2365,430.556649
101044.016,2354,430.584137
101047.61,2362,430.683797
-69.7911,2094,437.59148
-119.59253,1987,437.934181
-300.0974,1581,438.106806
-249.99612,1707,438.331729
-21.989893,2199,438.43076
-75.09131,2081,438.5261
-195.19461,1819,440.221661
-478.80228,1179,440.487138
35.011597,2333,440.742161
-135.69296,1950,447.592133
101047.914,2359,447.765081
35.811745,2336,447.850784
-110.39221,2005,448.205247
101047.31,2354,448.621907
39.01172,2337,449.015389
6.010901,2260,449.07429
-463.3019,1222,449.458383
-179.59415,1850,450.020116
-229.19547,1741,450.546462
-832.20013,379,450.656478
-239.99582,1717,450.764368
-14.489649,2223,450.904516
-306.09766,1575,457.898301
17.51117,2288,458.25044
-56.290794,2124,458.407376
-304.79764,1573,458.709968
-153.49344,1919,458.902031
101046.31,2353,459.592404
-310.9978,1558,459.796227
-479.2024,1183,460.250838
-222.99536,1756,460.340445
-193.69449,1815,460.574
-45.790527,2151,460.907484
-808.90027,432,460.986434
-304.6975,1572,467.608839
-27.48999,2188,468.133476
-791.70044,469,468.305631
101046.11,2355,469.253695
-235.99573,1732,469.27107
22.711365,2302,469.364735
33.71167,2324,470.09673
-290.19727,1603,470.372048
101047.11,2356,470.92486
101047.21,2355,477.704442
-251.79611,1692,477.782438
101045.516,2361,478.046052
-39.390404,2164,478.407101
-303.79764,1574,478.525939
-308.79776,1569,479.346321
-67.49111,2104,479.438473
-54.190697,2136,479.603129
-250.19604,1698,479.836066
-169.4939,1881,487.814828
12.611084,2282,487.926208
-216.59525,1780,488.029749
-466.60202,1211,488.246936
101045.81,2358,488.328303
101048.016,2358,488.406974
-806.2003,438,488.599902
-301.89758,1577,488.619518
-314.49792,1560,488.679725
-833.9001,385,488.703012
-793.6004,466,489.119069
101048.016,2358,489.153032
-21.289917,2203,490.175756
-484.30252,1179,490.682055
